-- MySQL dump 10.13  Distrib 8.0.12, for macos10.13 (x86_64)
--
-- Host: localhost    Database: ID
-- ------------------------------------------------------
-- Server version	8.0.12

/*!40101 SET @OLD_CHARACTER_SET_CLIENT=@@CHARACTER_SET_CLIENT */;
/*!40101 SET @OLD_CHARACTER_SET_RESULTS=@@CHARACTER_SET_RESULTS */;
/*!40101 SET @OLD_COLLATION_CONNECTION=@@COLLATION_CONNECTION */;
 SET NAMES utf8mb4 ;
/*!40103 SET @OLD_TIME_ZONE=@@TIME_ZONE */;
/*!40103 SET TIME_ZONE='+00:00' */;
/*!40014 SET @OLD_UNIQUE_CHECKS=@@UNIQUE_CHECKS, UNIQUE_CHECKS=0 */;
/*!40014 SET @OLD_FOREIGN_KEY_CHECKS=@@FOREIGN_KEY_CHECKS, FOREIGN_KEY_CHECKS=0 */;
/*!40101 SET @OLD_SQL_MODE=@@SQL_MODE, SQL_MODE='NO_AUTO_VALUE_ON_ZERO' */;
/*!40111 SET @OLD_SQL_NOTES=@@SQL_NOTES, SQL_NOTES=0 */;

--
-- Dumping data for table `BST`
--

LOCK TABLES `BST` WRITE;
/*!40000 ALTER TABLE `BST` DISABLE KEYS */;
INSERT INTO `BST` VALUES ('1bognhbFAvOjBqDeDFpPzL7RUj02','1bognhbFAvOjBqDeDFpPzL7RUj02',0,129.6,'NOT ID'),('1JejQH6R3DaM5WYY8QIZEq0LJMo1','1JejQH6R3DaM5WYY8QIZEq0LJMo1',0,150.4,'NOT ID'),('24iby93N2mhyKwJF4pdyKkHChku2','24iby93N2mhyKwJF4pdyKkHChku2',0,151.6,'NOT ID'),('41PBOElAoCS5ZmYhbCLtkoeqeE03','41PBOElAoCS5ZmYhbCLtkoeqeE03',0,100,'NOT ID'),('5pUxKTHISCXBRR1A9yRqefnLnpy1','5pUxKTHISCXBRR1A9yRqefnLnpy1',1,67.1333,'Mild ID'),('7fb3YgTttRUO524HSoQW4xsFnRm1','7fb3YgTttRUO524HSoQW4xsFnRm1',0,101.029,'NOT ID'),('AsMtX5qSEkgduxATZvZzm2e2ca83','AsMtX5qSEkgduxATZvZzm2e2ca83',0,111.111,'NOT ID'),('B1sRQGiqGpciZiXdbCEkYjB0iXa2','B1sRQGiqGpciZiXdbCEkYjB0iXa2',1,89.9556,'Boderline ID'),('EJGHXOkydOMMpEHhQDvdw6Vc5rH3','EJGHXOkydOMMpEHhQDvdw6Vc5rH3',1,45.4444,'Moderate ID'),('g6pTMQWqKMaom437eqIUGcSvJBA3','g6pTMQWqKMaom437eqIUGcSvJBA3',0,134.933,'NOT ID'),('gNRSHIvAGEPwNoOpbfPFcF3fwRm2','gNRSHIvAGEPwNoOpbfPFcF3fwRm2',0,151.2,'NOT ID'),('HKttyTxIhtSqXolAAJTMka5ZNf83','HKttyTxIhtSqXolAAJTMka5ZNf83',0,134.133,'NOT ID'),('J6vGWibfcKYRoM3vuoQEVX9xqp52','J6vGWibfcKYRoM3vuoQEVX9xqp52',1,75.3,'Boderline ID'),('JjZw94xcPZhXpTswOEMvBRifL5F3','JjZw94xcPZhXpTswOEMvBRifL5F3',0,101.067,'NOT ID'),('k4SOzA9qKCchvLcPvDYq7IIAD3n1','k4SOzA9qKCchvLcPvDYq7IIAD3n1',0,133.733,'NOT ID'),('PHxLUkJUqdZ1U3nn91SY3quulaJ3','PHxLUkJUqdZ1U3nn91SY3quulaJ3',0,111.111,'NOT ID'),('POQpZRGYJPagtcRSe9QmJcuF3lF2','POQpZRGYJPagtcRSe9QmJcuF3lF2',0,125,'NOT ID'),('wmP5aqWAA9ZeAenjTHfEbcPjVMy1','wmP5aqWAA9ZeAenjTHfEbcPjVMy1',0,100.686,'NOT ID'),('xRUrJ9zZ5eOseQevk4GNxTCtZj03','xRUrJ9zZ5eOseQevk4GNxTCtZj03',0,100,'NOT ID'),('YfkXOoRK6cZgKjKHxnw1cNZ8zCq1','YfkXOoRK6cZgKjKHxnw1cNZ8zCq1',1,78.3111,'Boderline ID'),('YhkwMGvtBVQ5NtZLk82kgm6nFFh1','YhkwMGvtBVQ5NtZLk82kgm6nFFh1',1,22.2222,'Severe ID'),('YWY7SzsQoObHzqjfmd6p5FqHcGe2','YWY7SzsQoObHzqjfmd6p5FqHcGe2',1,67.4667,'Mild ID'),('ZtKOYnNo39QhUtrpWXi9qBT8BHv2','ZtKOYnNo39QhUtrpWXi9qBT8BHv2',1,89.6889,'Borderline ID');
/*!40000 ALTER TABLE `BST` ENABLE KEYS */;
UNLOCK TABLES;

--
-- Dumping data for table `BST10`
--

LOCK TABLES `BST10` WRITE;
/*!40000 ALTER TABLE `BST10` DISABLE KEYS */;
INSERT INTO `BST10` VALUES ('g6pTMQWqKMaom437eqIUGcSvJBA3',0,1,1,1,0),('gNRSHIvAGEPwNoOpbfPFcF3fwRm2',1,1,1,1,1),('k4SOzA9qKCchvLcPvDYq7IIAD3n1',1,1,0,1,0),('7fb3YgTttRUO524HSoQW4xsFnRm1',1,1,0,1,0),('1bognhbFAvOjBqDeDFpPzL7RUj02',1,1,1,1,0),('PHxLUkJUqdZ1U3nn91SY3quulaJ3',1,1,1,1,1),('JjZw94xcPZhXpTswOEMvBRifL5F3',1,0,1,1,1),('41PBOElAoCS5ZmYhbCLtkoeqeE03',1,1,1,1,0),('24iby93N2mhyKwJF4pdyKkHChku2',1,1,1,1,1),('1JejQH6R3DaM5WYY8QIZEq0LJMo1',1,1,1,1,1),('HKttyTxIhtSqXolAAJTMka5ZNf83',1,1,1,1,0),('wmP5aqWAA9ZeAenjTHfEbcPjVMy1',0,1,0,0,0),('POQpZRGYJPagtcRSe9QmJcuF3lF2',1,1,1,1,1),('xRUrJ9zZ5eOseQevk4GNxTCtZj03',1,1,0,1,0),('B1sRQGiqGpciZiXdbCEkYjB0iXa2',1,1,1,1,1),('AsMtX5qSEkgduxATZvZzm2e2ca83',1,1,1,1,1),('YWY7SzsQoObHzqjfmd6p5FqHcGe2',0,1,0,0,0),('YfkXOoRK6cZgKjKHxnw1cNZ8zCq1',1,1,0,0,0),('J6vGWibfcKYRoM3vuoQEVX9xqp52',0,1,1,0,0);
/*!40000 ALTER TABLE `BST10` ENABLE KEYS */;
UNLOCK TABLES;

--
-- Dumping data for table `BST3`
--

LOCK TABLES `BST3` WRITE;
/*!40000 ALTER TABLE `BST3` DISABLE KEYS */;
INSERT INTO `BST3` VALUES ('g6pTMQWqKMaom437eqIUGcSvJBA3',1,1,1,1,1),('gNRSHIvAGEPwNoOpbfPFcF3fwRm2',1,1,1,1,1),('k4SOzA9qKCchvLcPvDYq7IIAD3n1',1,1,1,1,1),('7fb3YgTttRUO524HSoQW4xsFnRm1',1,1,1,1,1),('1bognhbFAvOjBqDeDFpPzL7RUj02',1,1,1,1,1),('PHxLUkJUqdZ1U3nn91SY3quulaJ3',1,1,1,1,1),('JjZw94xcPZhXpTswOEMvBRifL5F3',1,1,1,1,1),('41PBOElAoCS5ZmYhbCLtkoeqeE03',1,1,1,1,1),('24iby93N2mhyKwJF4pdyKkHChku2',1,1,1,1,1),('1JejQH6R3DaM5WYY8QIZEq0LJMo1',1,1,1,1,1),('HKttyTxIhtSqXolAAJTMka5ZNf83',1,1,1,1,1),('wmP5aqWAA9ZeAenjTHfEbcPjVMy1',1,1,1,1,1),('POQpZRGYJPagtcRSe9QmJcuF3lF2',1,1,1,1,1),('xRUrJ9zZ5eOseQevk4GNxTCtZj03',1,1,1,1,1),('B1sRQGiqGpciZiXdbCEkYjB0iXa2',1,1,1,1,1),('AsMtX5qSEkgduxATZvZzm2e2ca83',1,1,1,1,1),('EJGHXOkydOMMpEHhQDvdw6Vc5rH3',1,1,1,1,0),('YWY7SzsQoObHzqjfmd6p5FqHcGe2',1,1,1,0,0),('YfkXOoRK6cZgKjKHxnw1cNZ8zCq1',1,1,1,1,1),('J6vGWibfcKYRoM3vuoQEVX9xqp52',1,1,0,1,0),('5pUxKTHISCXBRR1A9yRqefnLnpy1',1,1,1,1,0),('ZtKOYnNo39QhUtrpWXi9qBT8BHv2',1,1,1,1,1);
/*!40000 ALTER TABLE `BST3` ENABLE KEYS */;
UNLOCK TABLES;

--
-- Dumping data for table `BST4`
--

LOCK TABLES `BST4` WRITE;
/*!40000 ALTER TABLE `BST4` DISABLE KEYS */;
INSERT INTO `BST4` VALUES ('g6pTMQWqKMaom437eqIUGcSvJBA3',1,1,1,1),('gNRSHIvAGEPwNoOpbfPFcF3fwRm2',1,1,1,1),('k4SOzA9qKCchvLcPvDYq7IIAD3n1',1,1,1,1),('7fb3YgTttRUO524HSoQW4xsFnRm1',1,1,1,1),('1bognhbFAvOjBqDeDFpPzL7RUj02',1,1,1,1),('PHxLUkJUqdZ1U3nn91SY3quulaJ3',1,1,1,1),('JjZw94xcPZhXpTswOEMvBRifL5F3',1,1,1,1),('41PBOElAoCS5ZmYhbCLtkoeqeE03',1,1,1,1),('24iby93N2mhyKwJF4pdyKkHChku2',1,1,1,1),('1JejQH6R3DaM5WYY8QIZEq0LJMo1',1,1,1,1),('HKttyTxIhtSqXolAAJTMka5ZNf83',1,1,1,1),('wmP5aqWAA9ZeAenjTHfEbcPjVMy1',1,1,1,1),('POQpZRGYJPagtcRSe9QmJcuF3lF2',1,1,1,1),('xRUrJ9zZ5eOseQevk4GNxTCtZj03',1,1,1,1),('B1sRQGiqGpciZiXdbCEkYjB0iXa2',1,1,1,1),('AsMtX5qSEkgduxATZvZzm2e2ca83',1,1,1,1),('EJGHXOkydOMMpEHhQDvdw6Vc5rH3',1,1,0,1),('YWY7SzsQoObHzqjfmd6p5FqHcGe2',1,1,1,1),('YfkXOoRK6cZgKjKHxnw1cNZ8zCq1',1,1,1,1),('J6vGWibfcKYRoM3vuoQEVX9xqp52',1,1,1,1),('5pUxKTHISCXBRR1A9yRqefnLnpy1',0,1,1,1),('ZtKOYnNo39QhUtrpWXi9qBT8BHv2',1,1,1,1);
/*!40000 ALTER TABLE `BST4` ENABLE KEYS */;
UNLOCK TABLES;

--
-- Dumping data for table `BST5`
--

LOCK TABLES `BST5` WRITE;
/*!40000 ALTER TABLE `BST5` DISABLE KEYS */;
INSERT INTO `BST5` VALUES ('g6pTMQWqKMaom437eqIUGcSvJBA3',1,1,1,1,1),('gNRSHIvAGEPwNoOpbfPFcF3fwRm2',1,1,1,1,1),('k4SOzA9qKCchvLcPvDYq7IIAD3n1',1,1,1,0,1),('7fb3YgTttRUO524HSoQW4xsFnRm1',1,1,1,0,1),('1bognhbFAvOjBqDeDFpPzL7RUj02',1,1,1,1,1),('PHxLUkJUqdZ1U3nn91SY3quulaJ3',1,1,1,1,1),('JjZw94xcPZhXpTswOEMvBRifL5F3',1,1,1,1,1),('41PBOElAoCS5ZmYhbCLtkoeqeE03',1,1,1,1,1),('24iby93N2mhyKwJF4pdyKkHChku2',1,1,1,1,1),('1JejQH6R3DaM5WYY8QIZEq0LJMo1',1,1,1,0,1),('HKttyTxIhtSqXolAAJTMka5ZNf83',1,1,1,0,0),('wmP5aqWAA9ZeAenjTHfEbcPjVMy1',1,1,0,1,1),('POQpZRGYJPagtcRSe9QmJcuF3lF2',1,1,1,1,1),('xRUrJ9zZ5eOseQevk4GNxTCtZj03',1,1,1,0,1),('B1sRQGiqGpciZiXdbCEkYjB0iXa2',1,1,1,0,1),('AsMtX5qSEkgduxATZvZzm2e2ca83',1,1,1,1,1),('EJGHXOkydOMMpEHhQDvdw6Vc5rH3',1,1,0,0,1),('YWY7SzsQoObHzqjfmd6p5FqHcGe2',1,1,0,0,1),('YfkXOoRK6cZgKjKHxnw1cNZ8zCq1',1,1,0,0,1),('J6vGWibfcKYRoM3vuoQEVX9xqp52',1,0,0,0,1),('5pUxKTHISCXBRR1A9yRqefnLnpy1',1,1,0,1,1),('ZtKOYnNo39QhUtrpWXi9qBT8BHv2',1,1,1,0,1);
/*!40000 ALTER TABLE `BST5` ENABLE KEYS */;
UNLOCK TABLES;

--
-- Dumping data for table `BST6`
--

LOCK TABLES `BST6` WRITE;
/*!40000 ALTER TABLE `BST6` DISABLE KEYS */;
INSERT INTO `BST6` VALUES ('g6pTMQWqKMaom437eqIUGcSvJBA3',1,1,1,1,1),('gNRSHIvAGEPwNoOpbfPFcF3fwRm2',1,1,1,1,1),('k4SOzA9qKCchvLcPvDYq7IIAD3n1',1,1,1,0,1),('7fb3YgTttRUO524HSoQW4xsFnRm1',1,1,1,0,1),('1bognhbFAvOjBqDeDFpPzL7RUj02',1,1,1,1,1),('PHxLUkJUqdZ1U3nn91SY3quulaJ3',1,1,1,1,1),('JjZw94xcPZhXpTswOEMvBRifL5F3',1,1,1,1,1),('41PBOElAoCS5ZmYhbCLtkoeqeE03',1,1,1,1,1),('24iby93N2mhyKwJF4pdyKkHChku2',1,1,1,1,1),('1JejQH6R3DaM5WYY8QIZEq0LJMo1',1,1,1,0,1),('HKttyTxIhtSqXolAAJTMka5ZNf83',1,1,1,0,1),('wmP5aqWAA9ZeAenjTHfEbcPjVMy1',1,1,1,0,0),('POQpZRGYJPagtcRSe9QmJcuF3lF2',1,1,1,1,1),('xRUrJ9zZ5eOseQevk4GNxTCtZj03',0,1,1,0,1),('B1sRQGiqGpciZiXdbCEkYjB0iXa2',1,1,1,0,1),('AsMtX5qSEkgduxATZvZzm2e2ca83',1,1,1,1,1),('EJGHXOkydOMMpEHhQDvdw6Vc5rH3',1,1,1,0,0),('YWY7SzsQoObHzqjfmd6p5FqHcGe2',1,1,1,0,1),('YfkXOoRK6cZgKjKHxnw1cNZ8zCq1',1,1,1,0,0),('J6vGWibfcKYRoM3vuoQEVX9xqp52',0,1,1,0,0),('5pUxKTHISCXBRR1A9yRqefnLnpy1',1,1,0,0,0),('ZtKOYnNo39QhUtrpWXi9qBT8BHv2',1,1,1,0,1);
/*!40000 ALTER TABLE `BST6` ENABLE KEYS */;
UNLOCK TABLES;

--
-- Dumping data for table `BST7`
--

LOCK TABLES `BST7` WRITE;
/*!40000 ALTER TABLE `BST7` DISABLE KEYS */;
INSERT INTO `BST7` VALUES ('g6pTMQWqKMaom437eqIUGcSvJBA3',1,1,1,0,1),('gNRSHIvAGEPwNoOpbfPFcF3fwRm2',1,0,1,1,1),('k4SOzA9qKCchvLcPvDYq7IIAD3n1',1,0,1,1,1),('7fb3YgTttRUO524HSoQW4xsFnRm1',1,1,1,0,1),('1bognhbFAvOjBqDeDFpPzL7RUj02',1,1,1,1,1),('PHxLUkJUqdZ1U3nn91SY3quulaJ3',1,1,1,1,1),('JjZw94xcPZhXpTswOEMvBRifL5F3',1,1,1,1,1),('41PBOElAoCS5ZmYhbCLtkoeqeE03',1,1,1,0,1),('24iby93N2mhyKwJF4pdyKkHChku2',1,1,1,1,1),('1JejQH6R3DaM5WYY8QIZEq0LJMo1',1,1,1,1,1),('HKttyTxIhtSqXolAAJTMka5ZNf83',1,0,1,0,1),('wmP5aqWAA9ZeAenjTHfEbcPjVMy1',1,1,1,1,1),('POQpZRGYJPagtcRSe9QmJcuF3lF2',1,1,1,1,1),('xRUrJ9zZ5eOseQevk4GNxTCtZj03',0,1,1,0,1),('B1sRQGiqGpciZiXdbCEkYjB0iXa2',1,1,1,0,1),('AsMtX5qSEkgduxATZvZzm2e2ca83',1,1,1,1,1),('YWY7SzsQoObHzqjfmd6p5FqHcGe2',0,0,1,0,1),('YfkXOoRK6cZgKjKHxnw1cNZ8zCq1',1,0,1,0,1),('J6vGWibfcKYRoM3vuoQEVX9xqp52',1,0,1,0,1),('5pUxKTHISCXBRR1A9yRqefnLnpy1',1,1,1,0,1),('ZtKOYnNo39QhUtrpWXi9qBT8BHv2',1,1,1,0,1);
/*!40000 ALTER TABLE `BST7` ENABLE KEYS */;
UNLOCK TABLES;

--
-- Dumping data for table `BST8`
--

LOCK TABLES `BST8` WRITE;
/*!40000 ALTER TABLE `BST8` DISABLE KEYS */;
INSERT INTO `BST8` VALUES ('g6pTMQWqKMaom437eqIUGcSvJBA3',1,1,1,0,1),('gNRSHIvAGEPwNoOpbfPFcF3fwRm2',1,1,1,1,1),('k4SOzA9qKCchvLcPvDYq7IIAD3n1',1,1,1,0,1),('7fb3YgTttRUO524HSoQW4xsFnRm1',1,0,0,0,1),('1bognhbFAvOjBqDeDFpPzL7RUj02',1,1,1,1,1),('PHxLUkJUqdZ1U3nn91SY3quulaJ3',1,1,1,1,1),('JjZw94xcPZhXpTswOEMvBRifL5F3',1,1,1,1,1),('41PBOElAoCS5ZmYhbCLtkoeqeE03',1,1,1,1,1),('24iby93N2mhyKwJF4pdyKkHChku2',1,1,1,1,1),('1JejQH6R3DaM5WYY8QIZEq0LJMo1',1,1,1,1,1),('HKttyTxIhtSqXolAAJTMka5ZNf83',1,1,1,1,1),('wmP5aqWAA9ZeAenjTHfEbcPjVMy1',1,0,1,0,0),('POQpZRGYJPagtcRSe9QmJcuF3lF2',1,1,1,1,1),('xRUrJ9zZ5eOseQevk4GNxTCtZj03',1,1,1,1,1),('B1sRQGiqGpciZiXdbCEkYjB0iXa2',1,1,1,1,1),('AsMtX5qSEkgduxATZvZzm2e2ca83',1,1,1,1,1),('YWY7SzsQoObHzqjfmd6p5FqHcGe2',1,0,1,0,0),('YfkXOoRK6cZgKjKHxnw1cNZ8zCq1',1,0,1,1,0),('J6vGWibfcKYRoM3vuoQEVX9xqp52',1,0,0,1,0),('5pUxKTHISCXBRR1A9yRqefnLnpy1',1,0,0,0,0),('ZtKOYnNo39QhUtrpWXi9qBT8BHv2',1,0,1,1,0);
/*!40000 ALTER TABLE `BST8` ENABLE KEYS */;
UNLOCK TABLES;

--
-- Dumping data for table `BST9`
--

LOCK TABLES `BST9` WRITE;
/*!40000 ALTER TABLE `BST9` DISABLE KEYS */;
INSERT INTO `BST9` VALUES ('g6pTMQWqKMaom437eqIUGcSvJBA3',0,0,1,1,1),('gNRSHIvAGEPwNoOpbfPFcF3fwRm2',0,1,1,1,1),('k4SOzA9qKCchvLcPvDYq7IIAD3n1',0,0,1,0,1),('7fb3YgTttRUO524HSoQW4xsFnRm1',0,0,0,0,1),('1bognhbFAvOjBqDeDFpPzL7RUj02',1,0,1,1,1),('PHxLUkJUqdZ1U3nn91SY3quulaJ3',1,1,1,1,1),('JjZw94xcPZhXpTswOEMvBRifL5F3',1,1,1,1,1),('41PBOElAoCS5ZmYhbCLtkoeqeE03',0,0,0,1,1),('24iby93N2mhyKwJF4pdyKkHChku2',1,0,1,1,1),('1JejQH6R3DaM5WYY8QIZEq0LJMo1',0,0,1,1,1),('HKttyTxIhtSqXolAAJTMka5ZNf83',0,0,1,1,1),('wmP5aqWAA9ZeAenjTHfEbcPjVMy1',0,0,1,0,1),('POQpZRGYJPagtcRSe9QmJcuF3lF2',1,1,1,1,1),('xRUrJ9zZ5eOseQevk4GNxTCtZj03',0,0,1,0,1),('B1sRQGiqGpciZiXdbCEkYjB0iXa2',0,0,1,0,1),('AsMtX5qSEkgduxATZvZzm2e2ca83',1,1,1,1,1),('YWY7SzsQoObHzqjfmd6p5FqHcGe2',0,0,1,1,1),('YfkXOoRK6cZgKjKHxnw1cNZ8zCq1',0,0,1,1,1),('J6vGWibfcKYRoM3vuoQEVX9xqp52',0,0,0,1,1),('5pUxKTHISCXBRR1A9yRqefnLnpy1',0,0,1,1,1),('ZtKOYnNo39QhUtrpWXi9qBT8BHv2',0,0,1,1,1);
/*!40000 ALTER TABLE `BST9` ENABLE KEYS */;
UNLOCK TABLES;

--
-- Dumping data for table `Child`
--

LOCK TABLES `Child` WRITE;
/*!40000 ALTER TABLE `Child` DISABLE KEYS */;
INSERT INTO `Child` VALUES ('1bognhbFAvOjBqDeDFpPzL7RUj02','Swarnima _07',7,0,'F','2018-09-26','1bognhbFAvOjBqDeDFpPzL7RUj02'),('1JejQH6R3DaM5WYY8QIZEq0LJMo1','Anuj _6',6,0,'M','2018-09-26','1JejQH6R3DaM5WYY8QIZEq0LJMo1'),('24iby93N2mhyKwJF4pdyKkHChku2','Paridhi _6',6,0,'F','2018-09-26','24iby93N2mhyKwJF4pdyKkHChku2'),('41PBOElAoCS5ZmYhbCLtkoeqeE03','Atharv _10',9,0,'M','2018-09-26','41PBOElAoCS5ZmYhbCLtkoeqeE03'),('5pUxKTHISCXBRR1A9yRqefnLnpy1','Dheeraj _11',9,1,'M','2018-09-24','5pUxKTHISCXBRR1A9yRqefnLnpy1'),('7fb3YgTttRUO524HSoQW4xsFnRm1','Gautam _07',7,0,'M','2018-09-26','7fb3YgTttRUO524HSoQW4xsFnRm1'),('AsMtX5qSEkgduxATZvZzm2e2ca83','Devarchita _9',9,0,'F','2018-09-26','AsMtX5qSEkgduxATZvZzm2e2ca83'),('B1sRQGiqGpciZiXdbCEkYjB0iXa2','Suhas _9',9,0,'M','2018-09-26','B1sRQGiqGpciZiXdbCEkYjB0iXa2'),('EJGHXOkydOMMpEHhQDvdw6Vc5rH3','Lalith _10',9,1,'M','2018-09-24','EJGHXOkydOMMpEHhQDvdw6Vc5rH3'),('g6pTMQWqKMaom437eqIUGcSvJBA3','Tanav _06',6,0,'M','2018-09-26','g6pTMQWqKMaom437eqIUGcSvJBA3'),('gNRSHIvAGEPwNoOpbfPFcF3fwRm2','Akhilan1.0 _6',6,0,'M','2018-09-26','gNRSHIvAGEPwNoOpbfPFcF3fwRm2'),('HKttyTxIhtSqXolAAJTMka5ZNf83','Charu _6',6,0,'F','2018-09-26','HKttyTxIhtSqXolAAJTMka5ZNf83'),('J6vGWibfcKYRoM3vuoQEVX9xqp52','Dhanush _8',8,1,'M','2018-09-24','J6vGWibfcKYRoM3vuoQEVX9xqp52'),('JjZw94xcPZhXpTswOEMvBRifL5F3','Naren _09',9,0,'M','2018-09-26','JjZw94xcPZhXpTswOEMvBRifL5F3'),('k4SOzA9qKCchvLcPvDYq7IIAD3n1','Guna _06',6,0,'M','2018-09-26','k4SOzA9qKCchvLcPvDYq7IIAD3n1'),('PHxLUkJUqdZ1U3nn91SY3quulaJ3','yashas_9',9,0,'M','2018-09-26','PHxLUkJUqdZ1U3nn91SY3quulaJ3'),('POQpZRGYJPagtcRSe9QmJcuF3lF2','Anukalp _8',8,0,'M','2018-09-26','POQpZRGYJPagtcRSe9QmJcuF3lF2'),('wmP5aqWAA9ZeAenjTHfEbcPjVMy1','Likith _7',7,0,'M','2018-09-26','wmP5aqWAA9ZeAenjTHfEbcPjVMy1'),('xRUrJ9zZ5eOseQevk4GNxTCtZj03','Anagha _8',8,0,'F','2018-09-26','xRUrJ9zZ5eOseQevk4GNxTCtZj03'),('YfkXOoRK6cZgKjKHxnw1cNZ8zCq1','Jeevan',9,1,'M','2018-09-24','YfkXOoRK6cZgKjKHxnw1cNZ8zCq1'),('YhkwMGvtBVQ5NtZLk82kgm6nFFh1','Janani _10',9,1,'F','2018-09-24','YhkwMGvtBVQ5NtZLk82kgm6nFFh1'),('YWY7SzsQoObHzqjfmd6p5FqHcGe2','Deekshit',9,1,'M','2018-09-24','YWY7SzsQoObHzqjfmd6p5FqHcGe2'),('ZtKOYnNo39QhUtrpWXi9qBT8BHv2','Jaslene _12',9,1,'F','2018-09-24','ZtKOYnNo39QhUtrpWXi9qBT8BHv2');
/*!40000 ALTER TABLE `Child` ENABLE KEYS */;
UNLOCK TABLES;

--
-- Dumping data for table `DST`
--

LOCK TABLES `DST` WRITE;
/*!40000 ALTER TABLE `DST` DISABLE KEYS */;
INSERT INTO `DST` VALUES ('g6pTMQWqKMaom437eqIUGcSvJBA3',9,4,13,0,123,94),('gNRSHIvAGEPwNoOpbfPFcF3fwRm2',10,3,13,0,123,94),('k4SOzA9qKCchvLcPvDYq7IIAD3n1',10,2,12,0,117,87),('7fb3YgTttRUO524HSoQW4xsFnRm1',8,2,10,0,93,32),('1bognhbFAvOjBqDeDFpPzL7RUj02',12,4,16,0,129,97),('PHxLUkJUqdZ1U3nn91SY3quulaJ3',10,3,13,0,101,53),('JjZw94xcPZhXpTswOEMvBRifL5F3',11,5,16,0,116,86),('41PBOElAoCS5ZmYhbCLtkoeqeE03',11,4,15,0,111,77),('24iby93N2mhyKwJF4pdyKkHChku2',10,2,12,0,117,87),('1JejQH6R3DaM5WYY8QIZEq0LJMo1',11,3,14,0,128,97),('HKttyTxIhtSqXolAAJTMka5ZNf83',10,2,12,0,117,87),('wmP5aqWAA9ZeAenjTHfEbcPjVMy1',4,0,4,1,57,0.2),('POQpZRGYJPagtcRSe9QmJcuF3lF2',10,4,14,0,110,75),('xRUrJ9zZ5eOseQevk4GNxTCtZj03',8,2,10,1,90,25),('B1sRQGiqGpciZiXdbCEkYjB0iXa2',12,2,14,0,106,66),('AsMtX5qSEkgduxATZvZzm2e2ca83',11,10,21,0,141,99.7),('EJGHXOkydOMMpEHhQDvdw6Vc5rH3',2,0,2,1,0,0),('YWY7SzsQoObHzqjfmd6p5FqHcGe2',4,0,4,1,56,0.2),('YfkXOoRK6cZgKjKHxnw1cNZ8zCq1',5,0,5,1,61,0.5),('J6vGWibfcKYRoM3vuoQEVX9xqp52',4,0,4,1,60,0.4),('ZtKOYnNo39QhUtrpWXi9qBT8BHv2',6,2,8,1,76,5),('YhkwMGvtBVQ5NtZLk82kgm6nFFh1',0,0,0,1,0,0),('5pUxKTHISCXBRR1A9yRqefnLnpy1',5,3,8,1,76,5);
/*!40000 ALTER TABLE `DST` ENABLE KEYS */;
UNLOCK TABLES;

--
-- Dumping data for table `GDT`
--

LOCK TABLES `GDT` WRITE;
/*!40000 ALTER TABLE `GDT` DISABLE KEYS */;
INSERT INTO `GDT` VALUES ('g6pTMQWqKMaom437eqIUGcSvJBA3','52',99,0),('gNRSHIvAGEPwNoOpbfPFcF3fwRm2','54',99,0),('k4SOzA9qKCchvLcPvDYq7IIAD3n1','56',99,0),('7fb3YgTttRUO524HSoQW4xsFnRm1','57',80,0),('1bognhbFAvOjBqDeDFpPzL7RUj02','58',90,0),('PHxLUkJUqdZ1U3nn91SY3quulaJ3','60',80,0),('JjZw94xcPZhXpTswOEMvBRifL5F3','61',90,0),('41PBOElAoCS5ZmYhbCLtkoeqeE03','62',90,0),('24iby93N2mhyKwJF4pdyKkHChku2','70',99,0),('1JejQH6R3DaM5WYY8QIZEq0LJMo1','71',99,0),('HKttyTxIhtSqXolAAJTMka5ZNf83','72',99,0),('wmP5aqWAA9ZeAenjTHfEbcPjVMy1','73',80,0),('POQpZRGYJPagtcRSe9QmJcuF3lF2','74',80,0),('xRUrJ9zZ5eOseQevk4GNxTCtZj03','75',60,0),('B1sRQGiqGpciZiXdbCEkYjB0iXa2','76',80,0),('AsMtX5qSEkgduxATZvZzm2e2ca83','77',90,0),('EJGHXOkydOMMpEHhQDvdw6Vc5rH3','1',10,1),('YWY7SzsQoObHzqjfmd6p5FqHcGe2','5',10,1),('YfkXOoRK6cZgKjKHxnw1cNZ8zCq1','6',10,1),('J6vGWibfcKYRoM3vuoQEVX9xqp52','50',10,1),('5pUxKTHISCXBRR1A9yRqefnLnpy1','59',10,1),('YhkwMGvtBVQ5NtZLk82kgm6nFFh1','63',10,1),('ZtKOYnNo39QhUtrpWXi9qBT8BHv2','23',10,1);
/*!40000 ALTER TABLE `GDT` ENABLE KEYS */;
UNLOCK TABLES;

--
-- Dumping data for table `RPM`
--

LOCK TABLES `RPM` WRITE;
/*!40000 ALTER TABLE `RPM` DISABLE KEYS */;
INSERT INTO `RPM` VALUES ('g6pTMQWqKMaom437eqIUGcSvJBA3',19,0),('gNRSHIvAGEPwNoOpbfPFcF3fwRm2',20,0),('k4SOzA9qKCchvLcPvDYq7IIAD3n1',17,0),('7fb3YgTttRUO524HSoQW4xsFnRm1',14,0),('1bognhbFAvOjBqDeDFpPzL7RUj02',21,0),('PHxLUkJUqdZ1U3nn91SY3quulaJ3',26,0),('JjZw94xcPZhXpTswOEMvBRifL5F3',23,0),('41PBOElAoCS5ZmYhbCLtkoeqeE03',27,0),('24iby93N2mhyKwJF4pdyKkHChku2',26,0),('1JejQH6R3DaM5WYY8QIZEq0LJMo1',22,0),('HKttyTxIhtSqXolAAJTMka5ZNf83',18,0),('wmP5aqWAA9ZeAenjTHfEbcPjVMy1',12,1),('POQpZRGYJPagtcRSe9QmJcuF3lF2',22,0),('xRUrJ9zZ5eOseQevk4GNxTCtZj03',15,1),('B1sRQGiqGpciZiXdbCEkYjB0iXa2',14,1),('AsMtX5qSEkgduxATZvZzm2e2ca83',37,0),('EJGHXOkydOMMpEHhQDvdw6Vc5rH3',4,1),('YWY7SzsQoObHzqjfmd6p5FqHcGe2',3,1),('YfkXOoRK6cZgKjKHxnw1cNZ8zCq1',3,1),('J6vGWibfcKYRoM3vuoQEVX9xqp52',7,1),('ZtKOYnNo39QhUtrpWXi9qBT8BHv2',10,1),('YhkwMGvtBVQ5NtZLk82kgm6nFFh1',9,1),('5pUxKTHISCXBRR1A9yRqefnLnpy1',9,1);
/*!40000 ALTER TABLE `RPM` ENABLE KEYS */;
UNLOCK TABLES;

--
-- Dumping data for table `Vineland`
--

LOCK TABLES `Vineland` WRITE;
/*!40000 ALTER TABLE `Vineland` DISABLE KEYS */;
INSERT INTO `Vineland` VALUES ('1bognhbFAvOjBqDeDFpPzL7RUj02','1bognhbFAvOjBqDeDFpPzL7RUj02',0,102.85),('1JejQH6R3DaM5WYY8QIZEq0LJMo1','1JejQH6R3DaM5WYY8QIZEq0LJMo1',0,110),('24iby93N2mhyKwJF4pdyKkHChku2','24iby93N2mhyKwJF4pdyKkHChku2',0,110),('41PBOElAoCS5ZmYhbCLtkoeqeE03','41PBOElAoCS5ZmYhbCLtkoeqeE03',0,94.16),('5pUxKTHISCXBRR1A9yRqefnLnpy1','5pUxKTHISCXBRR1A9yRqefnLnpy1',1,79.9),('7fb3YgTttRUO524HSoQW4xsFnRm1','7fb3YgTttRUO524HSoQW4xsFnRm1',0,96.42),('AsMtX5qSEkgduxATZvZzm2e2ca83','AsMtX5qSEkgduxATZvZzm2e2ca83',0,111.11),('B1sRQGiqGpciZiXdbCEkYjB0iXa2','B1sRQGiqGpciZiXdbCEkYjB0iXa2',0,98.14),('EJGHXOkydOMMpEHhQDvdw6Vc5rH3','EJGHXOkydOMMpEHhQDvdw6Vc5rH3',1,91.5),('g6pTMQWqKMaom437eqIUGcSvJBA3','g6pTMQWqKMaom437eqIUGcSvJBA3',0,110),('gNRSHIvAGEPwNoOpbfPFcF3fwRm2','gNRSHIvAGEPwNoOpbfPFcF3fwRm2',0,110),('HKttyTxIhtSqXolAAJTMka5ZNf83','HKttyTxIhtSqXolAAJTMka5ZNf83',0,106.66),('J6vGWibfcKYRoM3vuoQEVX9xqp52','J6vGWibfcKYRoM3vuoQEVX9xqp52',0,94.28),('JjZw94xcPZhXpTswOEMvBRifL5F3','JjZw94xcPZhXpTswOEMvBRifL5F3',0,103.7),('k4SOzA9qKCchvLcPvDYq7IIAD3n1','k4SOzA9qKCchvLcPvDYq7IIAD3n1',0,97.56),('PHxLUkJUqdZ1U3nn91SY3quulaJ3','PHxLUkJUqdZ1U3nn91SY3quulaJ3',0,107.4),('POQpZRGYJPagtcRSe9QmJcuF3lF2','POQpZRGYJPagtcRSe9QmJcuF3lF2',0,104.37),('wmP5aqWAA9ZeAenjTHfEbcPjVMy1','wmP5aqWAA9ZeAenjTHfEbcPjVMy1',0,84.28),('xRUrJ9zZ5eOseQevk4GNxTCtZj03','xRUrJ9zZ5eOseQevk4GNxTCtZj03',0,104.37),('YfkXOoRK6cZgKjKHxnw1cNZ8zCq1','YfkXOoRK6cZgKjKHxnw1cNZ8zCq1',0,101.66),('YhkwMGvtBVQ5NtZLk82kgm6nFFh1','YhkwMGvtBVQ5NtZLk82kgm6nFFh1',1,90),('YWY7SzsQoObHzqjfmd6p5FqHcGe2','YWY7SzsQoObHzqjfmd6p5FqHcGe2',0,101.5),('ZtKOYnNo39QhUtrpWXi9qBT8BHv2','ZtKOYnNo39QhUtrpWXi9qBT8BHv2',0,76.6);
/*!40000 ALTER TABLE `Vineland` ENABLE KEYS */;
UNLOCK TABLES;

--
-- Dumping data for table `VL0`
--

LOCK TABLES `VL0` WRITE;
/*!40000 ALTER TABLE `VL0` DISABLE KEYS */;
INSERT INTO `VL0` VALUES ('g6pTMQWqKMaom437eqIUGcSvJBA3',1,1,1,1,1,1,1,1,1,1,1,1,1,1,1,1,1),('gNRSHIvAGEPwNoOpbfPFcF3fwRm2',1,1,1,1,1,1,1,1,1,1,1,1,1,1,1,1,1),('k4SOzA9qKCchvLcPvDYq7IIAD3n1',1,1,1,1,1,1,1,1,1,1,1,1,1,1,1,1,1),('7fb3YgTttRUO524HSoQW4xsFnRm1',1,1,1,1,1,1,1,1,1,1,1,1,1,1,1,1,1),('1bognhbFAvOjBqDeDFpPzL7RUj02',1,1,1,1,1,1,1,1,1,1,1,1,1,1,1,1,1),('PHxLUkJUqdZ1U3nn91SY3quulaJ3',1,1,1,1,1,1,1,1,1,1,1,1,1,1,1,1,1),('JjZw94xcPZhXpTswOEMvBRifL5F3',1,1,1,1,1,1,1,1,1,1,1,1,1,1,1,1,1),('41PBOElAoCS5ZmYhbCLtkoeqeE03',1,1,1,1,1,1,1,1,1,1,1,1,1,1,1,1,1),('24iby93N2mhyKwJF4pdyKkHChku2',1,1,1,1,1,1,1,1,1,1,1,1,1,1,1,1,1),('1JejQH6R3DaM5WYY8QIZEq0LJMo1',1,1,1,1,1,1,1,1,1,1,1,1,1,1,1,1,1),('HKttyTxIhtSqXolAAJTMka5ZNf83',1,1,1,1,1,1,1,1,1,1,1,1,1,1,1,1,1),('wmP5aqWAA9ZeAenjTHfEbcPjVMy1',1,1,1,1,1,1,1,1,1,1,1,1,1,1,1,1,1),('POQpZRGYJPagtcRSe9QmJcuF3lF2',1,1,1,1,1,1,1,1,1,1,1,1,1,1,1,1,1),('xRUrJ9zZ5eOseQevk4GNxTCtZj03',1,1,1,1,1,1,1,1,1,1,1,1,1,1,1,1,1),('B1sRQGiqGpciZiXdbCEkYjB0iXa2',1,1,1,1,1,1,1,1,1,1,1,1,1,1,1,1,1),('AsMtX5qSEkgduxATZvZzm2e2ca83',1,1,1,1,1,1,1,1,1,1,1,1,1,1,1,1,1),('EJGHXOkydOMMpEHhQDvdw6Vc5rH3',1,1,1,1,1,1,1,1,1,1,1,1,1,1,1,1,1),('YWY7SzsQoObHzqjfmd6p5FqHcGe2',1,1,1,1,1,1,1,1,1,1,1,1,1,1,1,1,1),('YfkXOoRK6cZgKjKHxnw1cNZ8zCq1',1,1,1,1,1,1,1,1,1,1,1,1,1,1,1,1,1),('J6vGWibfcKYRoM3vuoQEVX9xqp52',1,1,1,1,1,1,1,1,1,1,1,1,1,1,1,1,1),('ZtKOYnNo39QhUtrpWXi9qBT8BHv2',1,1,1,1,1,1,1,1,1,1,1,1,1,1,1,1,1),('YhkwMGvtBVQ5NtZLk82kgm6nFFh1',1,1,1,1,1,1,1,1,1,1,1,1,1,1,1,1,1),('5pUxKTHISCXBRR1A9yRqefnLnpy1',1,1,1,1,1,1,1,1,1,1,1,1,1,1,1,1,1);
/*!40000 ALTER TABLE `VL0` ENABLE KEYS */;
UNLOCK TABLES;

--
-- Dumping data for table `VL1`
--

LOCK TABLES `VL1` WRITE;
/*!40000 ALTER TABLE `VL1` DISABLE KEYS */;
INSERT INTO `VL1` VALUES ('g6pTMQWqKMaom437eqIUGcSvJBA3',1,1,1,1,1,1,1,1,1,1,1,1,1,1,1,1,1),('gNRSHIvAGEPwNoOpbfPFcF3fwRm2',1,1,1,1,1,1,1,1,1,1,1,1,1,1,1,1,1),('k4SOzA9qKCchvLcPvDYq7IIAD3n1',1,1,1,1,1,1,1,1,1,1,1,1,1,1,1,1,1),('7fb3YgTttRUO524HSoQW4xsFnRm1',1,1,1,1,1,1,1,1,1,1,1,1,1,1,1,1,1),('1bognhbFAvOjBqDeDFpPzL7RUj02',1,1,1,1,1,1,1,1,1,1,1,1,1,1,1,1,1),('PHxLUkJUqdZ1U3nn91SY3quulaJ3',1,1,1,1,1,1,1,1,1,1,1,1,1,1,1,1,1),('JjZw94xcPZhXpTswOEMvBRifL5F3',1,1,1,1,1,1,1,1,1,1,1,1,1,1,1,1,1),('41PBOElAoCS5ZmYhbCLtkoeqeE03',1,1,1,1,1,1,1,1,1,1,1,1,1,1,1,1,1),('24iby93N2mhyKwJF4pdyKkHChku2',1,1,1,1,1,1,1,1,1,1,1,1,1,1,1,1,1),('1JejQH6R3DaM5WYY8QIZEq0LJMo1',1,1,1,1,1,1,1,1,1,1,1,1,1,1,1,1,1),('HKttyTxIhtSqXolAAJTMka5ZNf83',1,1,1,1,1,1,1,1,1,1,1,1,1,1,1,1,1),('wmP5aqWAA9ZeAenjTHfEbcPjVMy1',1,1,1,1,1,1,1,1,1,1,1,1,1,1,1,1,1),('POQpZRGYJPagtcRSe9QmJcuF3lF2',1,1,1,1,1,1,1,1,1,1,1,1,1,1,1,1,1),('xRUrJ9zZ5eOseQevk4GNxTCtZj03',1,1,1,1,1,1,1,1,1,1,1,1,1,1,1,1,1),('B1sRQGiqGpciZiXdbCEkYjB0iXa2',1,1,1,1,1,1,1,1,1,1,1,1,1,1,1,1,1),('AsMtX5qSEkgduxATZvZzm2e2ca83',1,1,1,1,1,1,1,1,1,1,1,1,1,1,1,1,1),('EJGHXOkydOMMpEHhQDvdw6Vc5rH3',0,1,1,1,1,1,1,1,1,1,1,0,1,1,1,1,1),('YWY7SzsQoObHzqjfmd6p5FqHcGe2',0,1,1,1,1,1,1,1,1,1,1,0,1,1,1,1,1),('YfkXOoRK6cZgKjKHxnw1cNZ8zCq1',0,1,1,1,1,1,1,1,1,1,1,0,1,1,1,1,1),('J6vGWibfcKYRoM3vuoQEVX9xqp52',0,1,1,1,1,1,1,1,1,1,1,0,1,1,1,1,1),('ZtKOYnNo39QhUtrpWXi9qBT8BHv2',0,1,1,1,1,1,1,1,1,1,1,0,1,1,1,1,1),('YhkwMGvtBVQ5NtZLk82kgm6nFFh1',0,1,1,1,1,1,1,1,1,1,1,0,1,1,1,1,1),('5pUxKTHISCXBRR1A9yRqefnLnpy1',0,1,1,1,1,1,1,1,1,1,1,0,1,1,1,1,1);
/*!40000 ALTER TABLE `VL1` ENABLE KEYS */;
UNLOCK TABLES;

--
-- Dumping data for table `VL10`
--

LOCK TABLES `VL10` WRITE;
/*!40000 ALTER TABLE `VL10` DISABLE KEYS */;
/*!40000 ALTER TABLE `VL10` ENABLE KEYS */;
UNLOCK TABLES;

--
-- Dumping data for table `VL2`
--

LOCK TABLES `VL2` WRITE;
/*!40000 ALTER TABLE `VL2` DISABLE KEYS */;
INSERT INTO `VL2` VALUES ('g6pTMQWqKMaom437eqIUGcSvJBA3',1,1,1,1,1,1,1,1,1,1),('gNRSHIvAGEPwNoOpbfPFcF3fwRm2',1,1,1,1,1,1,1,1,1,1),('k4SOzA9qKCchvLcPvDYq7IIAD3n1',1,1,1,1,1,1,1,1,1,1),('7fb3YgTttRUO524HSoQW4xsFnRm1',1,1,1,1,1,1,1,1,1,1),('1bognhbFAvOjBqDeDFpPzL7RUj02',1,1,1,1,1,1,1,1,1,1),('PHxLUkJUqdZ1U3nn91SY3quulaJ3',1,1,1,1,1,1,1,1,1,1),('JjZw94xcPZhXpTswOEMvBRifL5F3',1,1,1,1,1,1,1,1,1,1),('41PBOElAoCS5ZmYhbCLtkoeqeE03',1,1,1,1,1,1,1,1,1,1),('24iby93N2mhyKwJF4pdyKkHChku2',1,1,1,1,1,1,1,1,1,1),('1JejQH6R3DaM5WYY8QIZEq0LJMo1',1,1,1,1,1,1,1,1,1,1),('HKttyTxIhtSqXolAAJTMka5ZNf83',1,1,1,1,1,1,1,1,1,1),('wmP5aqWAA9ZeAenjTHfEbcPjVMy1',1,1,1,1,1,1,1,1,1,1),('POQpZRGYJPagtcRSe9QmJcuF3lF2',1,1,1,1,1,1,1,1,1,1),('xRUrJ9zZ5eOseQevk4GNxTCtZj03',1,1,1,1,1,1,1,1,1,1),('B1sRQGiqGpciZiXdbCEkYjB0iXa2',1,1,1,1,1,1,1,1,1,1),('AsMtX5qSEkgduxATZvZzm2e2ca83',1,1,1,1,1,1,1,1,1,1),('EJGHXOkydOMMpEHhQDvdw6Vc5rH3',1,1,1,1,1,1,1,1,1,1),('YWY7SzsQoObHzqjfmd6p5FqHcGe2',1,1,1,1,1,1,1,1,1,1),('YfkXOoRK6cZgKjKHxnw1cNZ8zCq1',1,1,1,1,1,1,1,1,1,1),('J6vGWibfcKYRoM3vuoQEVX9xqp52',1,1,1,1,1,1,1,1,1,1),('ZtKOYnNo39QhUtrpWXi9qBT8BHv2',1,1,1,1,1,1,1,1,1,1),('YhkwMGvtBVQ5NtZLk82kgm6nFFh1',1,1,1,1,1,1,1,1,1,1),('5pUxKTHISCXBRR1A9yRqefnLnpy1',1,1,1,1,1,1,1,1,1,1);
/*!40000 ALTER TABLE `VL2` ENABLE KEYS */;
UNLOCK TABLES;

--
-- Dumping data for table `VL3`
--

LOCK TABLES `VL3` WRITE;
/*!40000 ALTER TABLE `VL3` DISABLE KEYS */;
INSERT INTO `VL3` VALUES ('g6pTMQWqKMaom437eqIUGcSvJBA3',1,1,1,1,1,1),('gNRSHIvAGEPwNoOpbfPFcF3fwRm2',1,1,1,1,1,1),('k4SOzA9qKCchvLcPvDYq7IIAD3n1',1,1,1,1,1,1),('7fb3YgTttRUO524HSoQW4xsFnRm1',1,1,1,1,1,1),('1bognhbFAvOjBqDeDFpPzL7RUj02',1,1,1,1,1,1),('PHxLUkJUqdZ1U3nn91SY3quulaJ3',1,1,1,1,1,1),('JjZw94xcPZhXpTswOEMvBRifL5F3',1,1,1,1,1,1),('41PBOElAoCS5ZmYhbCLtkoeqeE03',1,1,1,1,1,1),('24iby93N2mhyKwJF4pdyKkHChku2',1,1,1,1,1,1),('1JejQH6R3DaM5WYY8QIZEq0LJMo1',1,1,1,1,1,1),('HKttyTxIhtSqXolAAJTMka5ZNf83',1,1,1,1,1,1),('wmP5aqWAA9ZeAenjTHfEbcPjVMy1',1,1,1,1,1,1),('POQpZRGYJPagtcRSe9QmJcuF3lF2',1,1,1,1,1,1),('xRUrJ9zZ5eOseQevk4GNxTCtZj03',1,1,1,1,1,1),('B1sRQGiqGpciZiXdbCEkYjB0iXa2',1,1,1,1,1,1),('AsMtX5qSEkgduxATZvZzm2e2ca83',1,1,1,1,1,1),('EJGHXOkydOMMpEHhQDvdw6Vc5rH3',1,1,1,1,1,1),('YWY7SzsQoObHzqjfmd6p5FqHcGe2',1,1,1,1,1,1),('YfkXOoRK6cZgKjKHxnw1cNZ8zCq1',1,1,1,1,1,1),('J6vGWibfcKYRoM3vuoQEVX9xqp52',1,1,1,1,1,1),('ZtKOYnNo39QhUtrpWXi9qBT8BHv2',1,1,1,1,1,1),('YhkwMGvtBVQ5NtZLk82kgm6nFFh1',1,1,1,1,1,1),('5pUxKTHISCXBRR1A9yRqefnLnpy1',1,1,1,1,1,1);
/*!40000 ALTER TABLE `VL3` ENABLE KEYS */;
UNLOCK TABLES;

--
-- Dumping data for table `VL4`
--

LOCK TABLES `VL4` WRITE;
/*!40000 ALTER TABLE `VL4` DISABLE KEYS */;
INSERT INTO `VL4` VALUES ('g6pTMQWqKMaom437eqIUGcSvJBA3',1,1,1,1,1,1),('gNRSHIvAGEPwNoOpbfPFcF3fwRm2',1,1,1,1,1,1),('k4SOzA9qKCchvLcPvDYq7IIAD3n1',1,1,1,1,1,1),('7fb3YgTttRUO524HSoQW4xsFnRm1',1,1,1,1,1,1),('1bognhbFAvOjBqDeDFpPzL7RUj02',1,1,1,1,1,1),('PHxLUkJUqdZ1U3nn91SY3quulaJ3',1,1,1,1,1,1),('JjZw94xcPZhXpTswOEMvBRifL5F3',1,1,1,1,1,1),('41PBOElAoCS5ZmYhbCLtkoeqeE03',1,1,1,1,1,1),('24iby93N2mhyKwJF4pdyKkHChku2',1,1,1,1,1,1),('1JejQH6R3DaM5WYY8QIZEq0LJMo1',1,1,1,1,1,1),('HKttyTxIhtSqXolAAJTMka5ZNf83',1,1,1,1,1,1),('wmP5aqWAA9ZeAenjTHfEbcPjVMy1',1,1,1,1,1,1),('POQpZRGYJPagtcRSe9QmJcuF3lF2',1,1,1,1,1,1),('xRUrJ9zZ5eOseQevk4GNxTCtZj03',1,1,1,1,1,1),('B1sRQGiqGpciZiXdbCEkYjB0iXa2',1,1,1,1,1,1),('AsMtX5qSEkgduxATZvZzm2e2ca83',1,1,1,1,1,1),('EJGHXOkydOMMpEHhQDvdw6Vc5rH3',1,1,1,1,1,1),('YWY7SzsQoObHzqjfmd6p5FqHcGe2',1,1,1,1,1,1),('YfkXOoRK6cZgKjKHxnw1cNZ8zCq1',1,1,1,1,1,1),('J6vGWibfcKYRoM3vuoQEVX9xqp52',1,1,1,1,1,1),('ZtKOYnNo39QhUtrpWXi9qBT8BHv2',1,1,1,1,1,1),('YhkwMGvtBVQ5NtZLk82kgm6nFFh1',1,1,1,1,1,1),('5pUxKTHISCXBRR1A9yRqefnLnpy1',1,1,1,1,1,1);
/*!40000 ALTER TABLE `VL4` ENABLE KEYS */;
UNLOCK TABLES;

--
-- Dumping data for table `VL5`
--

LOCK TABLES `VL5` WRITE;
/*!40000 ALTER TABLE `VL5` DISABLE KEYS */;
INSERT INTO `VL5` VALUES ('g6pTMQWqKMaom437eqIUGcSvJBA3',0,1,1,0,1),('gNRSHIvAGEPwNoOpbfPFcF3fwRm2',0,1,1,0,1),('k4SOzA9qKCchvLcPvDYq7IIAD3n1',0,0,1,0,1),('7fb3YgTttRUO524HSoQW4xsFnRm1',0,0,1,0,1),('1bognhbFAvOjBqDeDFpPzL7RUj02',0,1,1,0,1),('PHxLUkJUqdZ1U3nn91SY3quulaJ3',1,1,1,1,1),('JjZw94xcPZhXpTswOEMvBRifL5F3',1,1,1,1,1),('41PBOElAoCS5ZmYhbCLtkoeqeE03',1,1,1,1,1),('24iby93N2mhyKwJF4pdyKkHChku2',0,1,1,0,1),('1JejQH6R3DaM5WYY8QIZEq0LJMo1',0,1,1,0,1),('HKttyTxIhtSqXolAAJTMka5ZNf83',0,0,1,0,1),('wmP5aqWAA9ZeAenjTHfEbcPjVMy1',0,0,0,0,1),('xRUrJ9zZ5eOseQevk4GNxTCtZj03',0,1,1,0,1),('POQpZRGYJPagtcRSe9QmJcuF3lF2',1,1,1,1,1),('B1sRQGiqGpciZiXdbCEkYjB0iXa2',1,1,1,1,1),('AsMtX5qSEkgduxATZvZzm2e2ca83',1,1,1,1,1),('EJGHXOkydOMMpEHhQDvdw6Vc5rH3',0,1,1,0,0),('YWY7SzsQoObHzqjfmd6p5FqHcGe2',0,1,1,1,0),('YfkXOoRK6cZgKjKHxnw1cNZ8zCq1',0,1,1,0,0),('J6vGWibfcKYRoM3vuoQEVX9xqp52',0,1,1,0,0),('ZtKOYnNo39QhUtrpWXi9qBT8BHv2',1,1,1,1,0),('YhkwMGvtBVQ5NtZLk82kgm6nFFh1',0,1,1,0,0),('5pUxKTHISCXBRR1A9yRqefnLnpy1',0,1,1,0,0);
/*!40000 ALTER TABLE `VL5` ENABLE KEYS */;
UNLOCK TABLES;

--
-- Dumping data for table `VL6`
--

LOCK TABLES `VL6` WRITE;
/*!40000 ALTER TABLE `VL6` DISABLE KEYS */;
INSERT INTO `VL6` VALUES ('g6pTMQWqKMaom437eqIUGcSvJBA3',1,1,1,1),('gNRSHIvAGEPwNoOpbfPFcF3fwRm2',1,1,1,1),('k4SOzA9qKCchvLcPvDYq7IIAD3n1',0,1,1,1),('7fb3YgTttRUO524HSoQW4xsFnRm1',1,1,0,1),('1bognhbFAvOjBqDeDFpPzL7RUj02',1,1,1,1),('PHxLUkJUqdZ1U3nn91SY3quulaJ3',1,1,1,1),('JjZw94xcPZhXpTswOEMvBRifL5F3',1,1,1,1),('41PBOElAoCS5ZmYhbCLtkoeqeE03',1,1,1,1),('24iby93N2mhyKwJF4pdyKkHChku2',1,1,1,1),('1JejQH6R3DaM5WYY8QIZEq0LJMo1',1,1,1,1),('HKttyTxIhtSqXolAAJTMka5ZNf83',1,1,1,1),('wmP5aqWAA9ZeAenjTHfEbcPjVMy1',0,1,0,1),('POQpZRGYJPagtcRSe9QmJcuF3lF2',1,1,1,1),('xRUrJ9zZ5eOseQevk4GNxTCtZj03',1,1,1,1),('B1sRQGiqGpciZiXdbCEkYjB0iXa2',1,1,1,1),('AsMtX5qSEkgduxATZvZzm2e2ca83',1,1,1,1),('EJGHXOkydOMMpEHhQDvdw6Vc5rH3',1,1,1,1),('YWY7SzsQoObHzqjfmd6p5FqHcGe2',1,1,1,1),('YfkXOoRK6cZgKjKHxnw1cNZ8zCq1',1,1,1,1),('J6vGWibfcKYRoM3vuoQEVX9xqp52',1,1,1,1),('ZtKOYnNo39QhUtrpWXi9qBT8BHv2',1,1,1,1),('YhkwMGvtBVQ5NtZLk82kgm6nFFh1',1,1,1,1),('5pUxKTHISCXBRR1A9yRqefnLnpy1',1,1,1,1);
/*!40000 ALTER TABLE `VL6` ENABLE KEYS */;
UNLOCK TABLES;

--
-- Dumping data for table `VL7`
--

LOCK TABLES `VL7` WRITE;
/*!40000 ALTER TABLE `VL7` DISABLE KEYS */;
INSERT INTO `VL7` VALUES ('7fb3YgTttRUO524HSoQW4xsFnRm1',1,1,0,0,1),('1bognhbFAvOjBqDeDFpPzL7RUj02',1,1,0,0,1),('PHxLUkJUqdZ1U3nn91SY3quulaJ3',1,1,1,1,1),('JjZw94xcPZhXpTswOEMvBRifL5F3',1,1,1,1,1),('41PBOElAoCS5ZmYhbCLtkoeqeE03',1,1,1,1,1),('wmP5aqWAA9ZeAenjTHfEbcPjVMy1',0,0,0,0,1),('xRUrJ9zZ5eOseQevk4GNxTCtZj03',0,0,1,1,1),('POQpZRGYJPagtcRSe9QmJcuF3lF2',1,1,0,0,1),('B1sRQGiqGpciZiXdbCEkYjB0iXa2',1,1,1,1,1),('AsMtX5qSEkgduxATZvZzm2e2ca83',1,1,1,1,1),('EJGHXOkydOMMpEHhQDvdw6Vc5rH3',0,1,0,0,1),('YWY7SzsQoObHzqjfmd6p5FqHcGe2',0,1,0,0,1),('YfkXOoRK6cZgKjKHxnw1cNZ8zCq1',0,1,0,0,1),('J6vGWibfcKYRoM3vuoQEVX9xqp52',0,1,0,0,1),('ZtKOYnNo39QhUtrpWXi9qBT8BHv2',1,1,0,1,1),('YhkwMGvtBVQ5NtZLk82kgm6nFFh1',0,1,0,0,1),('5pUxKTHISCXBRR1A9yRqefnLnpy1',0,1,0,0,1);
/*!40000 ALTER TABLE `VL7` ENABLE KEYS */;
UNLOCK TABLES;

--
-- Dumping data for table `VL8`
--

LOCK TABLES `VL8` WRITE;
/*!40000 ALTER TABLE `VL8` DISABLE KEYS */;
INSERT INTO `VL8` VALUES ('PHxLUkJUqdZ1U3nn91SY3quulaJ3',1,1,1,1),('JjZw94xcPZhXpTswOEMvBRifL5F3',1,1,1,1),('41PBOElAoCS5ZmYhbCLtkoeqeE03',0,1,1,1),('xRUrJ9zZ5eOseQevk4GNxTCtZj03',1,1,0,1),('POQpZRGYJPagtcRSe9QmJcuF3lF2',1,0,1,1),('B1sRQGiqGpciZiXdbCEkYjB0iXa2',0,1,0,1),('AsMtX5qSEkgduxATZvZzm2e2ca83',1,1,1,1),('EJGHXOkydOMMpEHhQDvdw6Vc5rH3',1,1,0,1),('YWY7SzsQoObHzqjfmd6p5FqHcGe2',1,1,0,1),('YfkXOoRK6cZgKjKHxnw1cNZ8zCq1',1,1,0,1),('J6vGWibfcKYRoM3vuoQEVX9xqp52',1,1,0,1),('ZtKOYnNo39QhUtrpWXi9qBT8BHv2',1,1,1,1),('YhkwMGvtBVQ5NtZLk82kgm6nFFh1',1,1,0,1),('5pUxKTHISCXBRR1A9yRqefnLnpy1',1,1,0,1);
/*!40000 ALTER TABLE `VL8` ENABLE KEYS */;
UNLOCK TABLES;

--
-- Dumping data for table `VL9`
--

LOCK TABLES `VL9` WRITE;
/*!40000 ALTER TABLE `VL9` DISABLE KEYS */;
INSERT INTO `VL9` VALUES ('PHxLUkJUqdZ1U3nn91SY3quulaJ3',1,1,0),('JjZw94xcPZhXpTswOEMvBRifL5F3',1,0,0),('41PBOElAoCS5ZmYhbCLtkoeqeE03',1,1,0),('B1sRQGiqGpciZiXdbCEkYjB0iXa2',1,0,0),('AsMtX5qSEkgduxATZvZzm2e2ca83',1,1,1),('EJGHXOkydOMMpEHhQDvdw6Vc5rH3',1,1,1),('YWY7SzsQoObHzqjfmd6p5FqHcGe2',1,1,1),('YfkXOoRK6cZgKjKHxnw1cNZ8zCq1',1,1,1),('J6vGWibfcKYRoM3vuoQEVX9xqp52',1,1,1),('ZtKOYnNo39QhUtrpWXi9qBT8BHv2',1,1,1),('YhkwMGvtBVQ5NtZLk82kgm6nFFh1',1,1,1),('5pUxKTHISCXBRR1A9yRqefnLnpy1',1,1,1);
/*!40000 ALTER TABLE `VL9` ENABLE KEYS */;
UNLOCK TABLES;
/*!40103 SET TIME_ZONE=@OLD_TIME_ZONE */;

/*!40101 SET SQL_MODE=@OLD_SQL_MODE */;
/*!40014 SET FOREIGN_KEY_CHECKS=@OLD_FOREIGN_KEY_CHECKS */;
/*!40014 SET UNIQUE_CHECKS=@OLD_UNIQUE_CHECKS */;
/*!40101 SET CHARACTER_SET_CLIENT=@OLD_CHARACTER_SET_CLIENT */;
/*!40101 SET CHARACTER_SET_RESULTS=@OLD_CHARACTER_SET_RESULTS */;
/*!40101 SET COLLATION_CONNECTION=@OLD_COLLATION_CONNECTION */;
/*!40111 SET SQL_NOTES=@OLD_SQL_NOTES */;

-- Dump completed on 2018-10-11  0:19:11
